t,GDP,CO2_emi
2007,3654.3907053041444,6674.620589564993
2010,4689.671040882904,8052.015265096042
2015,6684.849363380003,10523.216981985031
2020,9347.392533526652,13257.209596236396
2025,12107.515828880447,15149.321859118043
2030,15086.075928659997,16379.554473755277
