t,GDP,OC_emi,CO_emi,VOC_emi,CO2_emi,BC_emi,NH3_emi,SO2_emi,NOX_emi
2007,3654.3907053041444,3.0754915517713624,195.61533700420432,26.68550461857899,6674.620589564993,1.5590465731712106,14.391479599966019,34.479643741973085,25.455658787839898
2010,4689.671040882904,3.024569404778554,192.99179333726767,26.391829194454075,8052.015265096042,1.5557010764873136,13.837708581569764,26.950599017780025,24.80684216948113
2015,6684.849363380003,3.0408838413200896,204.4648486078313,27.728496071729932,10034.149353591049,1.610170574536618,15.394061974968842,32.53050436286966,25.455908705810202
2020,9347.392533526652,3.3026924667494604,247.61818104546546,35.80750265998867,11940.298006917857,1.818176691684983,20.821797126113076,38.290317796501704,31.94193512862861
2025,12107.515828880447,3.2837690732090214,280.9265191260088,42.485214472489645,13155.62405269125,1.898745645772032,25.551948403854393,42.664968537871026,36.81020784614002
2030,15086.075928659997,3.1453657663392933,310.6339055771597,48.442538725316744,13804.620379367596,1.916626677358943,29.915947269041123,45.79188268323688,40.190326538567675
