t,GDP,CO2_emi
2007,3654.3907053041444,6674.620589564993
2010,4689.671040882904,8052.015265096042
2015,6668.6351851169175,10523.216981985031
2020,9280.30831117862,13257.209596236396
2025,11946.452806880956,15149.321859118043
2030,14791.828513048571,16379.554473755277
