t,GDP,OC_emi,CO_emi,VOC_emi,CO2_emi,BC_emi,NH3_emi,SO2_emi,NOX_emi
2007,3654.3907053041444,3.0754915517713624,195.61533700420432,26.68550461857899,6674.620589564993,1.5590465731712106,14.391479599966019,34.479643741973085,25.455658787839898
2010,4689.671040882904,3.024569404778554,192.99179333726767,26.391829194454075,8052.015265096042,1.5557010764873136,13.837708581569764,26.950599017780025,24.80684216948113
2015,6668.6351851169175,3.003058495870613,196.63195798967448,27.455547897486102,9505.214713708485,1.5683571460462447,15.354878178847978,30.638833791419223,24.488149436786895
2020,9280.30831117862,3.2118811342302425,228.86862723513087,35.02830976408505,10731.130027212195,1.7215648923076052,20.67920968788616,34.0686698012311,29.56567696345757
2025,11946.452806880956,3.1331662478299345,248.6392405996337,40.978877310090134,11124.606235685815,1.7408179175003982,25.23736354714912,35.60907208727565,32.54327754237225
2030,14791.828513048571,2.941262177287732,263.81638208540875,46.115298189023136,10963.397923291799,1.7035041442226946,29.390125138837572,35.856181903576704,33.94771355487445
