t,GDP,CO2_emi
2007,3654.3907053041444,6674.620589564993
2010,4689.671040882904,8052.015265096042
2015,6647.164678540544,10523.216981985031
2020,9189.06114161788,13257.209596236396
2025,11721.94215916701,15149.321859118043
2030,14362.361666796085,16379.554473755277
