t,GDP,OC_emi,CO_emi,VOC_emi,CO2_emi,BC_emi,NH3_emi,SO2_emi,NOX_emi
2007,3654.3907053041444,3.0754915517713624,195.61533700420432,26.68550461857899,6674.620589564993,1.5590465731712106,14.391479599966019,34.479643741973085,25.455658787839898
2010,4689.671040882904,3.024569404778554,192.99179333726767,26.391829194454075,8052.015265096042,1.5557010764873136,13.837708581569764,26.950599017780025,24.80684216948113
2015,6647.164678540544,2.9646739883726125,189.07123553145541,27.165745127661005,9002.151224178617,1.5271114391095428,15.308197190545535,28.840057266267003,23.5488551133483
2020,9189.06114161788,3.118213613694506,211.3569052837444,34.137193218614165,9575.069453917946,1.626474112925925,20.48579257229523,30.114718486356658,27.152014826153312
2025,11721.94215916701,2.9826144291067114,220.575386504583,39.22250179256701,9311.866968054212,1.592719149123602,24.789143091645695,29.4922683501509,28.44216384526698
2030,14362.361666796085,2.743555423121169,225.34396269191188,43.36531048107093,8763.515577730072,1.5128525087886333,28.656830818694967,28.333708407209173,28.815323802349393
