t,GDP,CO2_emi
2007,3654.3907053041444,6674.620589564993
2010,4689.671040882904,8052.015265096042
2015,6698.779351483856,10523.216981985031
2020,9393.296727388923,13257.209596236396
2025,12197.602832078059,15149.321859118043
2030,15226.538649503504,16379.554473755277
