t,GDP,OC_emi,CO_emi,VOC_emi,CO2_emi,BC_emi,NH3_emi,SO2_emi,NOX_emi
2007,3654.3907053041444,3.0754915517713624,195.61533700420432,26.68550461857899,6674.620589564993,1.5590465731712106,14.391479599966019,34.479643741973085,25.455658787839898
2010,4689.671040882904,3.024569404778554,192.99179333726767,26.391829194454075,8052.015265096042,1.5557010764873136,13.837708581569764,26.950599017780025,24.80684216948113
2015,6698.779351483856,3.0759334019800457,212.13681437698492,27.964885340414767,10523.216981985031,1.6497809289998298,15.421034303025898,34.341616180486035,26.28555518721357
2020,9393.296727388923,3.3944586778265773,268.4402370169366,36.51542087049607,13257.209596236396,1.9203240278768483,20.923366874117793,42.95889848863445,34.357951660709475
2025,12197.602832078059,3.419022368985247,313.6781374046591,43.63686753650353,15149.321859118043,2.04833778118801,25.73801129025024,49.651301095248066,40.62574412386974
2030,15226.538649503504,3.3119000249952486,354.78883467050065,49.9824013239651,16379.554473755277,2.1008624178091537,30.182454420968845,54.87221767247458,45.278380815783095
